
{"nm":"protection","ddd":0,"h":500,"w":500,"meta":{"g":"@lottiefiles/toolkit-js 0.33.2"},"layers":[{"ty":3,"nm":"Main Stroke width - Color Ctrl","sr":1,"st":0,"op":182,"ip":0,"hd":false,"ddd":0,"bm":0,"hasMask":false,"ao":0,"ks":{"a":{"a":0,"k":[50,50,0],"ix":1},"s":{"a":0,"k":[100,100,100],"ix":6},"sk":{"a":0,"k":0},"p":{"a":0,"k":[0,0,0],"ix":2},"r":{"a":0,"k":0,"ix":10},"sa":{"a":0,"k":0},"o":{"a":0,"k":0,"ix":11}},"ef":[{"ty":5,"mn":"ADBE Slider Control","nm":"Stroke width","ix":1,"en":1,"ef":[{"ty":0,"mn":"ADBE Slider Control-0001","nm":"Slider","ix":1,"v":{"a":0,"k":16,"ix":1}}]},{"ty":5,"mn":"ADBE Color Control","nm":"Base Color","ix":2,"en":1,"ef":[{"ty":2,"mn":"ADBE Color Control-0001","nm":"Color","ix":1,"v":{"a":0,"k":[0,0,0],"ix":1}}]},{"ty":5,"mn":"ADBE Color Control","nm":"Highlight","ix":3,"en":1,"ef":[{"ty":2,"mn":"ADBE Color Control-0001","nm":"Color","ix":1,"v":{"a":0,"k":[0.1333,0.2863,0.6118],"ix":1}}]}],"ind":1,"parent":5},{"ty":4,"nm":"Shield","sr":1,"st":0,"op":180,"ip":0,"hd":false,"ddd":0,"bm":0,"hasMask":false,"ao":0,"ks":{"a":{"a":0,"k":[72.842,0,0],"ix":1},"s":{"a":0,"k":[100,100,100],"ix":6},"sk":{"a":0,"k":0},"p":{"a":1,"k":[{"o":{"x":0.555,"y":0},"i":{"x":0,"y":1},"s":[250,250,0],"t":3,"ti":[0,0,0],"to":[37.75,22.25,0]},{"o":{"x":0.167,"y":0.167},"i":{"x":0.833,"y":0.833},"s":[322.842,250,0],"t":64,"ti":[0,0,0],"to":[0,0,0]},{"o":{"x":1,"y":0},"i":{"x":0.445,"y":1},"s":[322.842,250,0],"t":118,"ti":[37.75,22.25,0],"to":[0,0,0]},{"s":[250,250,0],"t":179}],"ix":2},"r":{"a":1,"k":[{"o":{"x":0.555,"y":0},"i":{"x":0,"y":1},"s":[0],"t":3},{"o":{"x":0.167,"y":0},"i":{"x":0,"y":1},"s":[0],"t":64},{"o":{"x":1,"y":0},"i":{"x":0.445,"y":1},"s":[0],"t":118},{"s":[0],"t":179}],"ix":10},"sa":{"a":0,"k":0},"o":{"a":0,"k":100,"ix":11}},"ef":[],"shapes":[{"ty":"gr","bm":0,"hd":false,"mn":"ADBE Vector Group","nm":"Group 1","ix":1,"cix":2,"np":3,"it":[{"ty":"sh","bm":0,"hd":false,"mn":"ADBE Vector Shape - Group","nm":"Path 1","ix":1,"d":1,"ks":{"a":1,"k":[{"o":{"x":0.147,"y":0},"i":{"x":0,"y":1},"s":[{"c":false,"i":[[0,0],[0,0],[0,0]],"o":[[0,0],[0,0],[0,0]],"v":[[63.974,-1.05],[70.585,5.562],[81.71,-5.562]]}],"t":1},{"o":{"x":0.333,"y":0},"i":{"x":0.249,"y":1},"s":[{"c":false,"i":[[0,0],[0,0],[0,0]],"o":[[0,0],[0,0],[0,0]],"v":[[51.159,-2.566],[67.325,13.6],[94.525,-13.6]]}],"t":20},{"o":{"x":0.333,"y":0},"i":{"x":0,"y":1},"s":[{"c":false,"i":[[0,0],[0,0],[0,0]],"o":[[0,0],[0,0],[0,0]],"v":[[51.159,-2.566],[67.325,13.6],[94.525,-13.6]]}],"t":77},{"o":{"x":0.333,"y":0},"i":{"x":0,"y":1},"s":[{"c":false,"i":[[0,0],[0,0],[0,0]],"o":[[0,0],[0,0],[0,0]],"v":[[47.222,-3.032],[66.323,16.069],[98.462,-16.069]]}],"t":91},{"o":{"x":0.333,"y":0},"i":{"x":0,"y":1},"s":[{"c":false,"i":[[0,0],[0,0],[0,0]],"o":[[0,0],[0,0],[0,0]],"v":[[51.159,-2.566],[67.325,13.6],[94.525,-13.6]]}],"t":117},{"o":{"x":1,"y":0},"i":{"x":0.492,"y":1},"s":[{"c":false,"i":[[0,0],[0,0],[0,0]],"o":[[0,0],[0,0],[0,0]],"v":[[51.159,-2.566],[67.325,13.6],[94.525,-13.6]]}],"t":149},{"s":[{"c":false,"i":[[0,0],[0,0],[0,0]],"o":[[0,0],[0,0],[0,0]],"v":[[63.974,-1.05],[70.585,5.562],[81.71,-5.562]]}],"t":177}],"ix":2}},{"ty":"tm","bm":0,"hd":false,"mn":"ADBE Vector Filter - Trim","nm":"Trim Paths 1","ix":2,"e":{"a":1,"k":[{"o":{"x":0.551,"y":0},"i":{"x":0.09,"y":1},"s":[0],"t":20},{"o":{"x":0.333,"y":0},"i":{"x":0.09,"y":1},"s":[100],"t":61},{"o":{"x":0.91,"y":0},"i":{"x":0.449,"y":1},"s":[100],"t":109},{"s":[0],"t":150}],"ix":2},"o":{"a":0,"k":0,"ix":3},"s":{"a":0,"k":0,"ix":1},"m":1},{"ty":"st","bm":0,"hd":false,"mn":"ADBE Vector Graphic - Stroke","nm":"Stroke 1","lc":2,"lj":2,"ml":1,"o":{"a":0,"k":100,"ix":4},"w":{"a":0,"k":16,"ix":5,"x":"var $bm_rt;\n$bm_rt = thisComp.layer('Main Stroke width - Color Ctrl').effect('Stroke width')('Slider');"},"c":{"a":0,"k":[0.1333,0.2863,0.6118],"ix":3,"x":"var $bm_rt;\n$bm_rt = thisComp.layer('Main Stroke width - Color Ctrl').effect('Highlight')('Color');"}},{"ty":"tr","a":{"a":0,"k":[0,0],"ix":1},"s":{"a":0,"k":[100,100],"ix":3},"sk":{"a":0,"k":0,"ix":4},"p":{"a":0,"k":[0,0],"ix":2},"r":{"a":0,"k":0,"ix":6},"sa":{"a":0,"k":0,"ix":5},"o":{"a":0,"k":100,"ix":7}}]},{"ty":"gr","bm":0,"hd":false,"mn":"ADBE Vector Group","nm":"Group 2","ix":2,"cix":2,"np":2,"it":[{"ty":"sh","bm":0,"hd":false,"mn":"ADBE Vector Shape - Group","nm":"Path 1","ix":1,"d":1,"ks":{"a":1,"k":[{"o":{"x":0.147,"y":0},"i":{"x":0,"y":1},"s":[{"c":true,"i":[[33.185,-16.711],[0,0],[0,0],[0,0]],"o":[[-33.185,-16.711],[0,0],[0,0],[0,0]],"v":[[72.842,36],[42.137,-16.721],[72.842,-36],[103.546,-16.721]]}],"t":1},{"o":{"x":0.333,"y":0},"i":{"x":0.249,"y":1},"s":[{"c":true,"i":[[81.138,-40.859],[0,0],[0,0],[0,0]],"o":[[-81.138,-40.859],[0,0],[0,0],[0,0]],"v":[[72.842,88.02],[-2.23,-40.883],[72.842,-88.02],[147.914,-40.883]]}],"t":20},{"o":{"x":0.333,"y":0},"i":{"x":0,"y":1},"s":[{"c":true,"i":[[81.138,-40.859],[0,0],[0,0],[0,0]],"o":[[-81.138,-40.859],[0,0],[0,0],[0,0]],"v":[[72.842,88.02],[-2.23,-40.883],[72.842,-88.02],[147.914,-40.883]]}],"t":73},{"o":{"x":0.333,"y":0},"i":{"x":0,"y":1},"s":[{"c":true,"i":[[95.869,-48.277],[0,0],[0,0],[0,0]],"o":[[-95.869,-48.277],[0,0],[0,0],[0,0]],"v":[[72.842,104],[-15.86,-48.305],[72.842,-104],[161.544,-48.305]]}],"t":87},{"o":{"x":0.333,"y":0},"i":{"x":0,"y":1},"s":[{"c":true,"i":[[81.138,-40.859],[0,0],[0,0],[0,0]],"o":[[-81.138,-40.859],[0,0],[0,0],[0,0]],"v":[[72.842,88.02],[-2.23,-40.883],[72.842,-88.02],[147.914,-40.883]]}],"t":113},{"o":{"x":1,"y":0},"i":{"x":0.492,"y":1},"s":[{"c":true,"i":[[81.138,-40.859],[0,0],[0,0],[0,0]],"o":[[-81.138,-40.859],[0,0],[0,0],[0,0]],"v":[[72.842,88.02],[-2.23,-40.883],[72.842,-88.02],[147.914,-40.883]]}],"t":149},{"s":[{"c":true,"i":[[33.185,-16.711],[0,0],[0,0],[0,0]],"o":[[-33.185,-16.711],[0,0],[0,0],[0,0]],"v":[[72.842,36],[42.137,-16.721],[72.842,-36],[103.546,-16.721]]}],"t":177}],"ix":2}},{"ty":"st","bm":0,"hd":false,"mn":"ADBE Vector Graphic - Stroke","nm":"Stroke 1","lc":2,"lj":2,"ml":1,"o":{"a":0,"k":100,"ix":4},"w":{"a":0,"k":16,"ix":5,"x":"var $bm_rt;\n$bm_rt = thisComp.layer('Main Stroke width - Color Ctrl').effect('Stroke width')('Slider');"},"c":{"a":0,"k":[0.1333,0.2863,0.6118],"ix":3,"x":"var $bm_rt;\n$bm_rt = thisComp.layer('Main Stroke width - Color Ctrl').effect('Highlight')('Color');"}},{"ty":"tr","a":{"a":0,"k":[0,0],"ix":1},"s":{"a":0,"k":[100,100],"ix":3},"sk":{"a":0,"k":0,"ix":4},"p":{"a":0,"k":[0,0],"ix":2},"r":{"a":0,"k":0,"ix":6},"sa":{"a":0,"k":0,"ix":5},"o":{"a":0,"k":100,"ix":7}}]}],"ind":2},{"ty":4,"nm":"Shield Matte","sr":1,"st":0,"op":180,"ip":0,"hd":false,"ddd":0,"bm":0,"hasMask":false,"td":1,"ao":0,"ks":{"a":{"a":0,"k":[0,0,0],"ix":1},"s":{"a":0,"k":[100,100,100],"ix":6},"sk":{"a":0,"k":0},"p":{"a":0,"k":[0,0,0],"ix":2},"r":{"a":0,"k":0,"ix":10},"sa":{"a":0,"k":0},"o":{"a":0,"k":100,"ix":11}},"ef":[],"shapes":[{"ty":"gr","bm":0,"hd":false,"mn":"ADBE Vector Group","nm":"Group 2","ix":1,"cix":2,"np":3,"it":[{"ty":"sh","bm":0,"hd":false,"mn":"ADBE Vector Shape - Group","nm":"Path 1","ix":1,"d":1,"ks":{"a":0,"k":{"c":true,"i":[[81.138,-40.859],[0,0],[0,0],[0,0]],"o":[[-81.138,-40.859],[0,0],[0,0],[0,0]],"v":[[72.842,88.02],[-2.23,-40.883],[72.842,-88.02],[147.914,-40.883]]},"ix":2,"x":"var $bm_rt;\n$bm_rt = thisComp.layer('Shield').content('Group 2').content('Path 1').path;"}},{"ty":"fl","bm":0,"hd":false,"mn":"ADBE Vector Graphic - Fill","nm":"Fill 1","c":{"a":0,"k":[1,0,0],"ix":4},"r":1,"o":{"a":0,"k":100,"ix":5}},{"ty":"tr","a":{"a":0,"k":[0,0],"ix":1},"s":{"a":0,"k":[100,100],"ix":3},"sk":{"a":0,"k":0,"ix":4},"p":{"a":0,"k":[0,0],"ix":2},"r":{"a":0,"k":0,"ix":6},"sa":{"a":0,"k":0,"ix":5},"o":{"a":0,"k":100,"ix":7}}]}],"ind":3,"parent":2},{"ty":4,"nm":"Phone","sr":1,"st":0,"op":180,"ip":0,"hd":false,"ddd":0,"bm":0,"tt":2,"hasMask":false,"ao":0,"ks":{"a":{"a":0,"k":[-61.199,171.5,0],"ix":1},"s":{"a":0,"k":[100,100,100],"ix":6},"sk":{"a":0,"k":0},"p":{"a":1,"k":[{"o":{"x":0.555,"y":0},"i":{"x":0,"y":1},"s":[250,421.5,0],"t":3,"ti":[0,0,0],"to":[0,0,0]},{"o":{"x":0.167,"y":0.167},"i":{"x":0.833,"y":0.833},"s":[188.801,421.5,0],"t":64,"ti":[0,0,0],"to":[0,0,0]},{"o":{"x":1,"y":0},"i":{"x":0.445,"y":1},"s":[188.801,421.5,0],"t":110,"ti":[0,0,0],"to":[0,0,0]},{"s":[250,421.5,0],"t":171}],"ix":2},"r":{"a":1,"k":[{"o":{"x":0.555,"y":0},"i":{"x":0.833,"y":1},"s":[0],"t":3},{"o":{"x":0.167,"y":0},"i":{"x":0,"y":1},"s":[2.2],"t":24},{"o":{"x":0.167,"y":0},"i":{"x":0,"y":1},"s":[0],"t":64},{"o":{"x":1,"y":0},"i":{"x":0.833,"y":1},"s":[0],"t":110},{"o":{"x":0.167,"y":0},"i":{"x":0.445,"y":1},"s":[-2],"t":150},{"s":[0],"t":171}],"ix":10},"sa":{"a":0,"k":0},"o":{"a":0,"k":100,"ix":11}},"ef":[],"shapes":[{"ty":"gr","bm":0,"hd":false,"mn":"ADBE Vector Group","nm":"Group 1","ix":1,"cix":2,"np":2,"it":[{"ty":"gr","bm":0,"hd":false,"mn":"ADBE Vector Group","nm":"Group 1","ix":1,"cix":2,"np":2,"it":[{"ty":"sh","bm":0,"hd":false,"mn":"ADBE Vector Shape - Group","nm":"Path 1","ix":1,"d":1,"ks":{"a":1,"k":[{"o":{"x":0.555,"y":0},"i":{"x":0.833,"y":0.833},"s":[{"c":false,"i":[[0,0],[0,0]],"o":[[0,0],[0,0]],"v":[[-169.878,-128.803],[47.48,-128.803]]}],"t":3},{"o":{"x":0.167,"y":0.167},"i":{"x":0,"y":1},"s":[{"c":false,"i":[[0,0],[0,0]],"o":[[0,0],[0,0]],"v":[[-182.649,-103.024],[60.251,-103.024]]}],"t":24},{"s":[{"c":false,"i":[[0,0],[0,0]],"o":[[0,0],[0,0]],"v":[[-169.878,-128.803],[47.48,-128.803]]}],"t":64}],"ix":2}},{"ty":"st","bm":0,"hd":false,"mn":"ADBE Vector Graphic - Stroke","nm":"Stroke 1","lc":1,"lj":2,"ml":1,"o":{"a":0,"k":100,"ix":4},"w":{"a":0,"k":16,"ix":5,"x":"var $bm_rt;\n$bm_rt = thisComp.layer('Main Stroke width - Color Ctrl').effect('Stroke width')('Slider');"},"c":{"a":0,"k":[0,0,0],"ix":3,"x":"var $bm_rt;\n$bm_rt = thisComp.layer('Main Stroke width - Color Ctrl').effect('Base Color')('Color');"}},{"ty":"tr","a":{"a":0,"k":[0,0],"ix":1},"s":{"a":0,"k":[100,100],"ix":3},"sk":{"a":0,"k":0,"ix":4},"p":{"a":0,"k":[0,0],"ix":2},"r":{"a":0,"k":0,"ix":6},"sa":{"a":0,"k":0,"ix":5},"o":{"a":0,"k":100,"ix":7}}]},{"ty":"gr","bm":0,"hd":false,"mn":"ADBE Vector Group","nm":"Group 2","ix":2,"cix":2,"np":2,"it":[{"ty":"sh","bm":0,"hd":false,"mn":"ADBE Vector Shape - Group","nm":"Path 1","ix":1,"d":1,"ks":{"a":1,"k":[{"o":{"x":0.555,"y":0},"i":{"x":0.833,"y":0.833},"s":[{"c":true,"i":[[0,0],[0,0],[13.144,0],[0,0],[0,-13.144],[0,0],[-13.144,0],[0,0],[0,13.144],[0,0]],"o":[[0,0],[0,-13.144],[0,0],[-13.144,0],[0,0],[0,13.144],[0,0],[13.144,0],[0,0],[0,0]],"v":[[49.102,-94.973],[49.102,-147.696],[25.298,-171.5],[-147.696,-171.5],[-171.5,-147.696],[-171.5,147.696],[-147.696,171.5],[25.298,171.5],[49.102,147.696],[49.102,121.1]]}],"t":3},{"o":{"x":0.167,"y":0.167},"i":{"x":0,"y":1},"s":[{"c":true,"i":[[0,0],[0,0],[14.688,0],[0,0],[0,-12.015],[0,0],[-14.688,0],[0,0],[0,12.015],[0,0]],"o":[[0,0],[0,-12.015],[0,0],[-14.688,0],[0,0],[0,12.015],[0,0],[14.688,0],[0,0],[0,0]],"v":[[62.063,-72.098],[62.063,-120.296],[35.462,-142.056],[-157.861,-142.056],[-184.462,-120.296],[-184.462,149.74],[-157.861,171.5],[35.462,171.5],[62.063,149.74],[62.063,125.426]]}],"t":24},{"s":[{"c":true,"i":[[0,0],[0,0],[13.144,0],[0,0],[0,-13.144],[0,0],[-13.144,0],[0,0],[0,13.144],[0,0]],"o":[[0,0],[0,-13.144],[0,0],[-13.144,0],[0,0],[0,13.144],[0,0],[13.144,0],[0,0],[0,0]],"v":[[49.102,-94.973],[49.102,-147.696],[25.298,-171.5],[-147.696,-171.5],[-171.5,-147.696],[-171.5,147.696],[-147.696,171.5],[25.298,171.5],[49.102,147.696],[49.102,121.1]]}],"t":64}],"ix":2}},{"ty":"st","bm":0,"hd":false,"mn":"ADBE Vector Graphic - Stroke","nm":"Stroke 1","lc":1,"lj":2,"ml":1,"o":{"a":0,"k":100,"ix":4},"w":{"a":0,"k":16,"ix":5,"x":"var $bm_rt;\n$bm_rt = thisComp.layer('Main Stroke width - Color Ctrl').effect('Stroke width')('Slider');"},"c":{"a":0,"k":[0,0,0],"ix":3,"x":"var $bm_rt;\n$bm_rt = thisComp.layer('Main Stroke width - Color Ctrl').effect('Base Color')('Color');"}},{"ty":"tr","a":{"a":0,"k":[0,0],"ix":1},"s":{"a":0,"k":[100,100],"ix":3},"sk":{"a":0,"k":0,"ix":4},"p":{"a":0,"k":[0,0],"ix":2},"r":{"a":0,"k":0,"ix":6},"sa":{"a":0,"k":0,"ix":5},"o":{"a":0,"k":100,"ix":7}}]},{"ty":"tr","a":{"a":0,"k":[0,0],"ix":1},"s":{"a":0,"k":[100,100],"ix":3},"sk":{"a":0,"k":0,"ix":4},"p":{"a":0,"k":[0,0],"ix":2},"r":{"a":0,"k":0,"ix":6},"sa":{"a":0,"k":0,"ix":5},"o":{"a":0,"k":100,"ix":7}}]},{"ty":"gr","bm":0,"hd":false,"mn":"ADBE Vector Group","nm":"Group 2","ix":2,"cix":2,"np":3,"it":[{"ty":"gr","bm":0,"hd":false,"mn":"ADBE Vector Group","nm":"Group 1","ix":1,"cix":2,"np":2,"it":[{"ty":"sh","bm":0,"hd":false,"mn":"ADBE Vector Shape - Group","nm":"Path 1","ix":1,"d":1,"ks":{"a":1,"k":[{"o":{"x":0.555,"y":0},"i":{"x":0.833,"y":0.833},"s":[{"c":false,"i":[[0,0],[0,0]],"o":[[0,0],[0,0]],"v":[[-121.746,128.803],[-121.746,128.803]]}],"t":3},{"o":{"x":0.167,"y":0.167},"i":{"x":0,"y":1},"s":[{"c":false,"i":[[0,0],[0,0]],"o":[[0,0],[0,0]],"v":[[-128.86,132.468],[-128.86,132.468]]}],"t":24},{"s":[{"c":false,"i":[[0,0],[0,0]],"o":[[0,0],[0,0]],"v":[[-121.746,128.803],[-121.746,128.803]]}],"t":64}],"ix":2}},{"ty":"st","bm":0,"hd":false,"mn":"ADBE Vector Graphic - Stroke","nm":"Stroke 1","lc":2,"lj":2,"ml":1,"o":{"a":0,"k":100,"ix":4},"w":{"a":0,"k":16,"ix":5,"x":"var $bm_rt;\n$bm_rt = thisComp.layer('Main Stroke width - Color Ctrl').effect('Stroke width')('Slider');"},"c":{"a":0,"k":[0,0,0],"ix":3,"x":"var $bm_rt;\n$bm_rt = thisComp.layer('Main Stroke width - Color Ctrl').effect('Base Color')('Color');"}},{"ty":"tr","a":{"a":0,"k":[0,0],"ix":1},"s":{"a":0,"k":[100,100],"ix":3},"sk":{"a":0,"k":0,"ix":4},"p":{"a":0,"k":[0,0],"ix":2},"r":{"a":0,"k":0,"ix":6},"sa":{"a":0,"k":0,"ix":5},"o":{"a":0,"k":100,"ix":7}}]},{"ty":"gr","bm":0,"hd":false,"mn":"ADBE Vector Group","nm":"Group 2","ix":2,"cix":2,"np":2,"it":[{"ty":"sh","bm":0,"hd":false,"mn":"ADBE Vector Shape - Group","nm":"Path 1","ix":1,"d":1,"ks":{"a":1,"k":[{"o":{"x":0.555,"y":0},"i":{"x":0.833,"y":0.833},"s":[{"c":false,"i":[[0,0],[0,0]],"o":[[0,0],[0,0]],"v":[[0,128.803],[0,128.803]]}],"t":3},{"o":{"x":0.167,"y":0.167},"i":{"x":0,"y":1},"s":[{"c":false,"i":[[0,0],[0,0]],"o":[[0,0],[0,0]],"v":[[7.192,132.468],[7.192,132.468]]}],"t":24},{"s":[{"c":false,"i":[[0,0],[0,0]],"o":[[0,0],[0,0]],"v":[[0,128.803],[0,128.803]]}],"t":64}],"ix":2}},{"ty":"st","bm":0,"hd":false,"mn":"ADBE Vector Graphic - Stroke","nm":"Stroke 1","lc":2,"lj":2,"ml":1,"o":{"a":0,"k":100,"ix":4},"w":{"a":0,"k":16,"ix":5,"x":"var $bm_rt;\n$bm_rt = thisComp.layer('Main Stroke width - Color Ctrl').effect('Stroke width')('Slider');"},"c":{"a":0,"k":[0,0,0],"ix":3,"x":"var $bm_rt;\n$bm_rt = thisComp.layer('Main Stroke width - Color Ctrl').effect('Base Color')('Color');"}},{"ty":"tr","a":{"a":0,"k":[0,0],"ix":1},"s":{"a":0,"k":[100,100],"ix":3},"sk":{"a":0,"k":0,"ix":4},"p":{"a":0,"k":[0,0],"ix":2},"r":{"a":0,"k":0,"ix":6},"sa":{"a":0,"k":0,"ix":5},"o":{"a":0,"k":100,"ix":7}}]},{"ty":"gr","bm":0,"hd":false,"mn":"ADBE Vector Group","nm":"Group 3","ix":3,"cix":2,"np":2,"it":[{"ty":"sh","bm":0,"hd":false,"mn":"ADBE Vector Shape - Group","nm":"Path 1","ix":1,"d":1,"ks":{"a":1,"k":[{"o":{"x":0.555,"y":0},"i":{"x":0.833,"y":0.833},"s":[{"c":false,"i":[[0,0],[0,0]],"o":[[0,0],[0,0]],"v":[[-78.771,128.803],[-43.311,128.803]]}],"t":3},{"o":{"x":0.167,"y":0.167},"i":{"x":0,"y":1},"s":[{"c":false,"i":[[0,0],[0,0]],"o":[[0,0],[0,0]],"v":[[-80.836,132.468],[-41.209,132.468]]}],"t":24},{"s":[{"c":false,"i":[[0,0],[0,0]],"o":[[0,0],[0,0]],"v":[[-78.771,128.803],[-43.311,128.803]]}],"t":64}],"ix":2}},{"ty":"st","bm":0,"hd":false,"mn":"ADBE Vector Graphic - Stroke","nm":"Stroke 1","lc":2,"lj":2,"ml":1,"o":{"a":0,"k":100,"ix":4},"w":{"a":0,"k":16,"ix":5,"x":"var $bm_rt;\n$bm_rt = thisComp.layer('Main Stroke width - Color Ctrl').effect('Stroke width')('Slider');"},"c":{"a":0,"k":[0,0,0],"ix":3,"x":"var $bm_rt;\n$bm_rt = thisComp.layer('Main Stroke width - Color Ctrl').effect('Base Color')('Color');"}},{"ty":"tr","a":{"a":0,"k":[0,0],"ix":1},"s":{"a":0,"k":[100,100],"ix":3},"sk":{"a":0,"k":0,"ix":4},"p":{"a":0,"k":[0,0],"ix":2},"r":{"a":0,"k":0,"ix":6},"sa":{"a":0,"k":0,"ix":5},"o":{"a":0,"k":100,"ix":7}}]},{"ty":"tr","a":{"a":0,"k":[0,0],"ix":1},"s":{"a":0,"k":[100,100],"ix":3},"sk":{"a":0,"k":0,"ix":4},"p":{"a":0,"k":[0,0],"ix":2},"r":{"a":0,"k":0,"ix":6},"sa":{"a":0,"k":0,"ix":5},"o":{"a":0,"k":100,"ix":7}}]}],"ind":4},{"ty":3,"nm":"Zero | troke width - Color Ctrl","sr":1,"st":0,"op":182,"ip":0,"hd":false,"ddd":0,"bm":0,"hasMask":false,"ao":0,"ks":{"a":{"a":0,"k":[0,0,0],"ix":1},"s":{"a":0,"k":[100,100,100],"ix":6},"sk":{"a":0,"k":0},"p":{"a":0,"k":[250,250,0],"ix":2},"r":{"a":0,"k":0,"ix":10},"sa":{"a":0,"k":0},"o":{"a":0,"k":0,"ix":11}},"ef":[],"ind":5}],"v":"5.12.1","fr":60,"op":180,"ip":0,"assets":[]}